{
  "oasis": 99,
  "woodland": 93,
  "white_beach": 41,
  "shrubland": 84,
  "xeric_shrubland": 94,
  "tropical_rainforest": 89,
  "fen": 57,
  "steppe": 87,
  "alps_foothills": 95,
  "redwood_forest_edge": 111,
  "bayou": 45,
  "mountain": 71,
  "phantasmagoric_inferno": 108,
  "overgrown_cliffs": 76,
  "highland": 61,
  "volcanic_island": 104,
  "quagmire": 78,
  "marsh": 68,
  "chaparral": 49,
  "flower_island": 105,
  "flower_field": 58,
  "wetland": 92,
  "mystic_grove": 72,
  "cold_desert": 51,
  "mountain_foothills": 96,
  "maple_woods": 67,
  "coral_reef": 100,
  "orchard": 74,
  "moor": 70,
  "land_of_lakes": 62,
  "bog": 46,
  "coniferous_forest": 52,
  "eucalyptus_forest": 56,
  "outback": 75,
  "shield": 83,
  "snowy_tundra": 112,
  "alps": 43,
  "wasteland": 91,
  "lush_desert": 64,
  "mangrove": 66,
  "boreal_forest": 47,
  "redwood_forest": 80,
  "cherry_blossom_grove": 50,
  "visceral_heap": 110,
  "snowy_forest": 86,
  "seasonal_forest": 82,
  "temperate_rainforest": 88,
  "dead_forest": 54,
  "bamboo_forest": 44,
  "corrupted_sands": 106,
  "dead_swamp": 55,
  "kelp_forest": 101,
  "pasture": 97,
  "glacier": 98,
  "meadow": 69,
  "lush_swamp": 65,
  "fungi_forest": 107,
  "tropical_island": 103,
  "grassland": 59,
  "prairie": 77,
  "snowy_coniferous_forest": 85,
  "tundra": 90,
  "undergarden": 109,
  "origin_island": 102,
  "gravel_beach": 40,
  "grove": 60,
  "lavender_fields": 63,
  "origin_beach": 42,
  "rainforest": 79,
  "sacred_springs": 81,
  "crag": 53,
  "brushland": 48,
  "ominous_woods": 73
}