{
    "machine": "log_splitter",
    "registryName": "log_splitter_corphyry",
    "recipeTime": 300,
    "requirements": [
		{
            "type": "energy",
            "io-type": "input",
            "energyPerTick": 50
        },
		{
			"type": "item",
			"io-type": "input",
			"item": "primal:corypha_stalk@0"
		},
        {
            "type": "item",
            "io-type": "output",
            "item": "primal:logs_split_corypha@0",
			"amount": 6
        },
		{
            "type": "item",
            "io-type": "output",
            "item": "primal:bark_corypha@0",
			"amount": 3,
			"chance": 0.33
        }
    ]
}