{
    "machine": "concrete_mixer",
    "registryName": "concrete_mixer_lime",
    "recipeTime": 10,
	"priority": 10,
    "requirements": [
		{
			"type": "fluid",
			"io-type": "input",
			"fluid": "water",
			"amount": 1000
		},
		{
            "type": "energy",
            "io-type": "input",
            "energyPerTick": 25
        },
		{
			"type": "item",
			"io-type": "input",
			"item": "minecraft:concrete_powder@5"
		},
        {
            "type": "item",
            "io-type": "output",
            "item": "minecraft:concrete@5"
        }
    ]
}