{
    "machine": "sawmill",
    "registryName": "sawmill_stick_05",
    "recipeTime": 80,
    "requirements": [
		{
            "type": "energy",
            "io-type": "input",
            "energyPerTick": 45
        },
		{
			"type": "item",
			"io-type": "input",
			"item": "minecraft:planks@5"
		},
        {
            "type": "item",
            "io-type": "output",
            "item": "minecraft:stick@0",
			"amount": 4
        },
		{
            "type": "item",
            "io-type": "output",
            "item": "farmsteadforest:sawdust@0",
			"amount": 1,
			"chance": 0.33
        }
    ]
}