{
	"rules": [
		{
			"match": {
				"blocks": {
					"blocks": [
						"minecraft:log:2",
						"minecraft:log:6",
						"minecraft:log:10"
					]
				},
				"harvester": {
					"heldItemMainHand": {
						"harvestLevel": "axe;0;-1"
					}
				}
			},
			"replaceStrategy": "ADD",
			"drops": [
				{
					"selector": {
						"weight": {
							"value": 5
						}
					},
					"item": {
						"items": [
							"primal:bark_birch"
						],
						"quantity": {
							"min": 1,
							"max": 2
						}
					}
				},
				{
					"selector": {
						"weight": {
							"value": 95
						}
					},
					"item": {
						"items": [
							"minecraft:air"
						],
						"quantity": {
							"min": 0,
							"max": 0
						}
					}
				}
			]
		}
	]
}