{
	"rules": [
		{
			"match": {
				"blocks": {
					"blocks": [
						"tconstruct:ore:0"
					]
				}
			},
			"replaceStrategy": "REPLACE_ALL",
			"drops": [
				{
					"item": {
						"items": [
							"farmsteadforest:o_cobalt:0"
						],
						"quantity": {
							"min": 1,
							"max": 1
						}
					}
				},
				{
					"selector": {
						"weight": {
							"value": 10
						},
						"fortuneLevelRequired": 1
					},
					"item": {
						"items": [
							"farmsteadforest:o_cobalt:0"
						],
						"quantity": {
							"min": 1,
							"max": 2
						}
					}
				},
				{
					"selector": {
						"weight": {
							"value": 100
						},
						"fortuneLevelRequired": 2
					},
					"item": {
						"items": [
							"farmsteadforest:o_cobalt:0"
						],
						"quantity": {
							"min": 2,
							"max": 3
						}
					}
				},
				{
					"selector": {
						"weight": {
							"value": 1000
						},
						"fortuneLevelRequired": 3
					},
					"item": {
						"items": [
							"farmsteadforest:o_cobalt:0"
						],
						"quantity": {
							"min": 3,
							"max": 5
						}
					}
				}
			]
		}
	]
}