{
	"version": "2.0",
	"spawns": {
		"coldiron_ore": {
			"retrogen": false,
			"enabled": true,
			"feature": "default",
			"replaces": "default",
			"dimensions": [
				-1
			],
			"biomes": {
				"excludes": []
			},
			"parameters": {
				"size": 8,
				"variation": 4,
				"frequency": 5,
				"minHeight": 0,
				"maxHeight": 128
			},
			"blocks": [
				{
					"name": "basemetals:coldiron_ore",
					"chance": 100
				}
			]
		},
		"adamantine_ore": {
			"retrogen": false,
			"enabled": true,
			"feature": "default",
			"replaces": "default",
			"dimensions": [
				-1
			],
			"biomes": {
				"excludes": []
			},
			"parameters": {
				"size": 8,
				"variation": 4,
				"frequency": 2,
				"minHeight": 0,
				"maxHeight": 128
			},
			"blocks": [
				{
					"name": "basemetals:adamantine_ore",
					"chance": 100
				}
			]
		},
		"starsteel_ore": {
			"retrogen": false,
			"enabled": true,
			"feature": "default",
			"replaces": "default",
			"dimensions": [
				1
			],
			"biomes": {
				"excludes": []
			},
			"parameters": {
				"size": 8,
				"variation": 4,
				"frequency": 5,
				"minHeight": 0,
				"maxHeight": 255
			},
			"blocks": [
				{
					"name": "basemetals:starsteel_ore",
					"chance": 100
				}
			]
		},
		"copper_ore": {
			"retrogen": false,
			"enabled": true,
			"feature": "default",
			"replaces": "default",
			"dimensions": [],
			"biomes": {
				"excludes": []
			},
			"parameters": {
				"size": 8,
				"variation": 4,
				"frequency": 10,
				"minHeight": 0,
				"maxHeight": 96
			},
			"blocks": [
				{
					"name": "basemetals:copper_ore",
					"chance": 100
				}
			]
		},
		"silver_ore": {
			"retrogen": false,
			"enabled": true,
			"feature": "default",
			"replaces": "default",
			"dimensions": [],
			"biomes": {
				"excludes": []
			},
			"parameters": {
				"size": 8,
				"variation": 4,
				"frequency": 4,
				"minHeight": 0,
				"maxHeight": 32
			},
			"blocks": [
				{
					"name": "basemetals:silver_ore",
					"chance": 100
				}
			]
		},
		"tin_ore": {
			"retrogen": false,
			"enabled": true,
			"feature": "default",
			"replaces": "default",
			"dimensions": [],
			"biomes": {
				"excludes": []
			},
			"parameters": {
				"size": 8,
				"variation": 4,
				"frequency": 10,
				"minHeight": 0,
				"maxHeight": 128
			},
			"blocks": [
				{
					"name": "basemetals:tin_ore",
					"chance": 100
				}
			]
		},
		"lead_ore": {
			"retrogen": false,
			"enabled": true,
			"feature": "default",
			"replaces": "default",
			"dimensions": [],
			"biomes": {
				"excludes": []
			},
			"parameters": {
				"size": 8,
				"variation": 4,
				"frequency": 5,
				"minHeight": 0,
				"maxHeight": 64
			},
			"blocks": [
				{
					"name": "basemetals:lead_ore",
					"chance": 100
				}
			]
		},
		"zinc_ore": {
			"retrogen": false,
			"enabled": true,
			"feature": "default",
			"replaces": "default",
			"dimensions": [],
			"biomes": {
				"excludes": []
			},
			"parameters": {
				"size": 8,
				"variation": 4,
				"frequency": 5,
				"minHeight": 0,
				"maxHeight": 96
			},
			"blocks": [
				{
					"name": "basemetals:zinc_ore",
					"chance": 100
				}
			]
		},
		"mercury_ore": {
			"retrogen": false,
			"enabled": true,
			"feature": "default",
			"replaces": "default",
			"dimensions": [],
			"biomes": {
				"excludes": []
			},
			"parameters": {
				"size": 8,
				"variation": 4,
				"frequency": 3,
				"minHeight": 0,
				"maxHeight": 32
			},
			"blocks": [
				{
					"name": "basemetals:mercury_ore",
					"chance": 100
				}
			]
		},
		"nickel_ore": {
			"retrogen": false,
			"enabled": true,
			"feature": "default",
			"replaces": "default",
			"dimensions": [],
			"biomes": {
				"excludes": []
			},
			"parameters": {
				"size": 8,
				"variation": 4,
				"frequency": 1,
				"minHeight": 32,
				"maxHeight": 96
			},
			"blocks": [
				{
					"name": "basemetals:nickel_ore",
					"chance": 100
				}
			]
		},
		"platinum_ore": {
			"retrogen": false,
			"enabled": true,
			"feature": "default",
			"replaces": "default",
			"dimensions": [],
			"biomes": {
				"excludes": []
			},
			"parameters": {
				"size": 8,
				"variation": 4,
				"frequency": 0.125,
				"minHeight": 1,
				"maxHeight": 32
			},
			"blocks": [
				{
					"name": "basemetals:platinum_ore",
					"chance": 100
				}
			]
		}
	}
}