{
    "machine": "butchery",
    "registryName": "prime_beef",
    "recipeTime": 50,
    "requirements": [
		{
            "type": "energy",
            "io-type": "input",
            "energyPerTick": 25
        },
		{
			"type": "item",
			"io-type": "input",
			"item": "animania:raw_prime_beef@0"
		},
        {
            "type": "item",
            "io-type": "output",
            "item": "animania:raw_prime_steak@0",
			"amount": 6
        },
		{
            "type": "item",
            "io-type": "output",
            "item": "minecraft:bone@0",
			"amount": 1,
			"chance": 0.1
        }
    ]
}