{
  "defaults": {
    "__comment": "You can disable defaults by setting these to false. Do *NOT* try to add additional entries here. You can add additional entries in the custom section.",
    "Vanilla Seeds": true,
    "Vanilla Flowers": false,
    "Pams Harvestcraft Saplings": true,
    "Vanilla Mushrooms": false,
    "BiomesOPlenty Saplings": true,
    "BiomesOPlenty Sacred Oak Sapling": false,
    "Vanilla Saplings": true,
    "Bonemeal": false,
    "Animal Eggs": false,
    "Pams Harvestcraft Seeds": true
  },
  "defaults payment": {
    "__comment": "You can define custom payment items for the default entries here.",
    "Vanilla Seeds": "1*minecraft:emerald:0",
    "Vanilla Flowers": "1*minecraft:emerald:0",
    "Pams Harvestcraft Saplings": "1*minecraft:emerald:0",
    "Vanilla Mushrooms": "1*minecraft:emerald:0",
    "BiomesOPlenty Saplings": "1*minecraft:emerald:0",
    "BiomesOPlenty Sacred Oak Sapling": "1*minecraft:emerald:8",
    "Vanilla Saplings": "1*minecraft:emerald:0",
    "Bonemeal": "1*minecraft:emerald:0",
    "Animal Eggs": "1*minecraft:emerald:0",
    "Pams Harvestcraft Seeds": "1*minecraft:emerald:0"
  },
  "defaults amount": {
    "__comment": "You can define custom amounts for the default entries here.",
    "Vanilla Seeds": 1,
    "Vanilla Flowers": 1,
    "Pams Harvestcraft Saplings": 1,
    "Vanilla Mushrooms": 1,
    "BiomesOPlenty Saplings": 1,
    "BiomesOPlenty Sacred Oak Sapling": 1,
    "Vanilla Saplings": 1,
    "Bonemeal": 1,
    "Animal Eggs": 1,
    "Pams Harvestcraft Seeds": 1
  },
  "defaults blacklist": [
	"harvestcraft:grapeseeditem",
	"harvestcraft:chilipepperseeditem",
	"harvestcraft:tomatoseeditem",
	"harvestcraft:candleberryseeditem"
  ],
  "custom entries": {
    "__comment": "You can define additional items to be sold by the Market here. Defaults can be overridden. Prefix with ! to blacklist instead.",
    "rustic:grape_stem": "1*minecraft:emerald",
	"rustic:tomato_seeds": "1*minecraft:emerald",
	"rustic:chili_pepper_seeds": "1*minecraft:emerald",
	"immersiveengineering:seed": "1*minecraft:emerald",
	"gardenstuff:candelilla_seeds": "1*minecraft:emerald",
	"16*composter:compost": "1*minecraft:emerald"
	"16*minecraft:dye:15": "1*minecraft:emerald"
  }
}