{
    "machine": "butchery",
    "registryName": "butchery_ground_mutton_00",
    "recipeTime": 900,
    "requirements": [
		{
            "type": "energy",
            "io-type": "input",
            "energyPerTick": 20
        },
		{
			"type": "item",
			"io-type": "input",
			"item": "animania:raw_prime_mutton@0"
		},
        {
            "type": "item",
            "io-type": "output",
            "item": "harvestcraft:groundmuttonitem@0",
			"amount": 3
        },
		{
            "type": "item",
            "io-type": "output",
            "item": "minecraft:bone@0",
			"amount": 1,
			"chance": 0.1
        }
    ]
}