{
	"parent": "block/cube",
	 "textures": {
        "particle": "blocks/crafting_table_front",
        "0": "blocks/crafting_table_front",
        "1": "blocks/crafting_table_top",
        "2": "blocks/crafting_table_bottom",
        "3": "blocks/crafting_table_inside"
    },
    "elements": [
        {
            "name": "Element",
            "from": [ 0.5, 0.0, 0.5 ], 
            "to": [ 15.5, 16.0, 15.5 ], 
            "faces": {
                "north": { "texture": "#0", "uv": [ 0.5, 0.0, 15.5, 16.0 ] },
                "east": { "texture": "#0", "uv": [ 0.5, 0.0, 15.5, 16.0 ] },
                "south": { "texture": "#0", "uv": [ 0.5, 0.0, 15.5, 16.0 ] },
                "west": { "texture": "#0", "uv": [ 0.5, 0.0, 15.5, 16.0 ] },
                "up": { "texture": "#1", "uv": [ 0.5, 0.5, 15.5, 15.5 ] }
            }
        },
        {
            "name": "Element",
            "from": [ 13.0, 0.0, 13.0 ], 
            "to": [ 16.0, 14.0, 16.0 ], 
            "faces": {
                "north": { "texture": "#0", "uv": [ 0.0, 2.0, 3.0, 16.0 ] },
                "east": { "texture": "#0", "uv": [ 0.0, 2.0, 3.0, 16.0 ] },
                "south": { "texture": "#0", "uv": [ 13.0, 2.0, 16.0, 16.0 ] },
                "west": { "texture": "#0", "uv": [ 13.0, 2.0, 16.0, 16.0 ] },
                "up": { "texture": "#-1", "uv": [ 0.0, 0.0, 3.0, 3.0 ] }
            }
        },
        {
            "name": "Element",
            "from": [ 0.0, 0.0, 0.0 ], 
            "to": [ 3.0, 14.0, 3.0 ], 
            "faces": {
                "north": { "texture": "#0", "uv": [ 13.0, 2.0, 16.0, 16.0 ] },
                "east": { "texture": "#0", "uv": [ 13.0, 2.0, 16.0, 16.0 ] },
                "south": { "texture": "#0", "uv": [ 0.0, 2.0, 3.0, 16.0 ] },
                "west": { "texture": "#0", "uv": [ 0.0, 2.0, 3.0, 16.0 ] }
            }
        },
        {
            "name": "Element",
            "from": [ 13.0, 0.0, 0.0 ], 
            "to": [ 16.0, 14.0, 3.0 ], 
            "faces": {
                "north": { "texture": "#0", "uv": [ 0.0, 2.0, 3.0, 16.0 ] },
                "east": { "texture": "#0", "uv": [ 13.0, 2.0, 16.0, 16.0 ] },
                "south": { "texture": "#0", "uv": [ 13.0, 2.0, 16.0, 16.0 ] },
                "west": { "texture": "#0", "uv": [ 0.0, 2.0, 3.0, 16.0 ] }
            }
        },
        {
            "name": "Element",
            "from": [ 0.0, 0.0, 13.0 ], 
            "to": [ 3.0, 14.0, 16.0 ], 
            "faces": {
                "north": { "texture": "#0", "uv": [ 13.0, 2.0, 16.0, 16.0 ] },
                "east": { "texture": "#0", "uv": [ 0.0, 2.0, 3.0, 16.0 ] },
                "south": { "texture": "#0", "uv": [ 0.0, 2.0, 3.0, 16.0 ] },
                "west": { "texture": "#0", "uv": [ 13.0, 2.0, 16.0, 16.0 ] }
            }
        },
        {
            "name": "Element",
            "from": [ 0.0, 14.0, 0.0 ], 
            "to": [ 16.0, 16.0, 16.0 ], 
            "faces": {
                "north": { "texture": "#0", "uv": [ 0.0, 0.0, 16.0, 2.0 ] },
                "east": { "texture": "#0", "uv": [ 0.0, 0.0, 16.0, 2.0 ] },
                "south": { "texture": "#0", "uv": [ 0.0, 0.0, 16.0, 2.0 ] },
                "west": { "texture": "#0", "uv": [ 0.0, 0.0, 16.0, 2.0 ] },
                "up": { "texture": "#1", "uv": [ 0.0, 0.0, 16.0, 16.0 ] },
                "down": { "texture": "#3", "uv": [ 0.0, 0.0, 16.0, 16.0 ] }
            }
        },
        {
            "name": "Element",
            "from": [ 0.0, 0.0, 0.0 ], 
            "to": [ 16.0, 1.0, 16.0 ], 
            "faces": {
                "north": { "texture": "#0", "uv": [ 0.0, 15.0, 16.0, 16.0 ] },
                "east": { "texture": "#0", "uv": [ 0.0, 15.0, 16.0, 16.0 ] },
                "south": { "texture": "#0", "uv": [ 0.0, 15.0, 16.0, 16.0 ] },
                "west": { "texture": "#0", "uv": [ 0.0, 15.0, 16.0, 16.0 ] },
                "up": { "texture": "#3", "uv": [ 0.0, 0.0, 16.0, 16.0 ] },
                "down": { "texture": "#2", "uv": [ 0.0, 0.0, 16.0, 16.0 ], "rotation": 180 }
            }
        }
    ]
}