{
    "__comment": "Model generated using MrCrayfish's Model Creator (http://mrcrayfish.com/modelcreator/)",
"ambientocclusion": false,
    "textures": {
        "particle": "blocks/blocks/iron_bars",
        "0": "blocks/iron_bars"
    },
    "elements": [
        {
            "name": "Cube",
            "from": [ 7.0, 0.0, 8.0 ], 
            "to": [ 9.0, 16.0, 9.0 ], 
            "faces": {
                "north": { "texture": "#0", "uv": [ 7.0, 0.0, 9.0, 16.0 ] },
                "east": { "texture": "#0", "uv": [ 7.0, 0.0, 8.0, 16.0 ] },
                "south": { "texture": "#0", "uv": [ 7.0, 0.0, 9.0, 16.0 ] },
                "west": { "texture": "#0", "uv": [ 8.0, 0.0, 9.0, 16.0 ] },
                "up": { "texture": "#0", "uv": [ 7.0, 1.0, 9.0, 2.0 ] },
                "down": { "texture": "#0", "uv": [ 7.0, 1.0, 9.0, 2.0 ] }
            }
        }
    ]
}