{
    "machine": "log_splitter",
    "registryName": "log_splitter_darkoak",
    "recipeTime": 300,
    "requirements": [
		{
            "type": "energy",
            "io-type": "input",
            "energyPerTick": 50
        },
		{
			"type": "item",
			"io-type": "input",
			"item": "minecraft:log2@1"
		},
        {
            "type": "item",
            "io-type": "output",
            "item": "primal:logs_split_bigoak@0",
			"amount": 6
        },
		{
            "type": "item",
            "io-type": "output",
            "item": "primal:bark_bigoak@0",
			"amount": 3,
			"chance": 0.33
        },
		{
            "type": "item",
            "io-type": "output",
            "item": "farmsteadforest:drop_of_fresh_water@0",
			"amount": 1,
			"chance": 0.25
        }
    ]
}