<book title="Farmstead Forest - Getting started" xcover="gbook:demo" fontSize="0.6" home="1:2">
	<chapter id="01_welcome">
		<page>
			<p space="15" scale="1.5" bold="true" align="center">Welcome</p>
			<p space="10">Thanks for playing Farmstead Forest. A modpack inspired by Stardew Valley and designed around farming, animals and light automation.</p>
			<p space="10">If you find some bugs please update your pack and report them on <link href="http://github.com/TimGoll/farmstead_forest/issues">Github</link>.</p>
		</page>
		<page>
			<p space="15" scale="1.5" bold="true" align="center">Index</p>
		</page>
	</chapter>
	
	
	<chapter id="02_getting_started">
		<page>
			<p space="15" scale="1.5" bold="true" align="center">Getting Started</p>
			<p space="10">After playing minecraft for years you think you know how to play this game. Use your fist, punch a tree and start your adventure. But this time it is a bit different.</p>
			<p color="#af9c63" indent="15" space="10">While hitting the tree with your fist you start to feel a light pain in your hand. You realize that hitting trees with your bare hand isn't the best option...</p>
			<p space="10">Before getting your first wood, you have to collect a few pieces of flint by breaking gravel, some sticks by harvesting leaves and a few pieces of plant fiber by breaking grass. If you think you have a sufficient amount of these three items keep an eye out for a stone block to flake your flint. Simple leftklicking produces the needed flaked flint items. Not it is time to craft your first tool. The hatchet.</p>
		</page>
		<page>
			<recipe type="shaped">
				<recipe.result>
					<stack item="primal:flint_hatchet"/>
				</recipe.result>
			</recipe>
			<p space="10"> </p>
			<p space="10">Now you are able to chop wood and kill enemies!</p>
			<p space="10" bold="true">All the other tools are produced in the same way.</p>
			<p space="10">But before you can craft them, you need a Crafting Table with a bigger crafting area. You get this item by combining your hatchet with any log in your inventory crafting area.</p>
			<p space="10">You are now able to craft basically everything. But to progress further you need to start mining. But charcoal is needed to to so.</p>
			<p space="10" bold="true">Available Tools:</p> 
			<p><stack item="primal:flint_shovel"/> <stack item="primal:flint_hoe"/> <stack item="primal:flint_axe"/> <stack item="primal:flint_shears"/> <stack item="primal:flint_workblade"/> <stack item="primal:flint_saw"/> <stack item="primal:sword_crude_flint"/></p>
		</page>
	</chapter>
	
	
	<chapter id="03_charcoal">
		<page>
			<p space="15" scale="1.5" bold="true" align="center">Producing Charcoal</p>
			<p space="10">For this step you need a few log pieces and a (flint) work blade. Place a piece of log in front of you and sneak right klick a few times on this block with your workblade until the bark is stripped down.Now take your hatchet or axe and sneak right klick this block until it breakes into several small log pieces. You need at least nine of them to progress further.</p>
			<recipe type="shaped">
				<recipe.result>
					<stack item="primal:logs_stacked"/>
				</recipe.result>
			</recipe>
			<p space="10"> </p>
			<p space="10">Hint: Some types of wood create more charcoal than others.</p>
			<p space="10" bold="true">Compatible log types:</p> 
			<p><stack item="minecraft:log" meta="0"/> <stack item="minecraft:log" meta="1"/> <stack item="minecraft:log" meta="2"/> <stack item="minecraft:log" meta="3"/> <stack item="minecraft:log2" meta="0"/> <stack item="minecraft:log2" meta="1"/></p>
		</page>
		<page>
			<p space="10">You now have to burry one or more of these stacked logs in the ground and light it on fire. Therefore you have to craft a fire bow.</p>
			<recipe type="shaped">
				<recipe.result>
					<stack item="primal:fire_bow"/>
				</recipe.result>
			</recipe>
			<p space="10"> </p>
			<p space="10">It works with sticks. Rightklick on the block you want to set on fire. Sometimes multiple clicks are needed. After setting it successful on fire smoke particles appear and even penetrate the dirt block you placed on top of it.</p>
			<p space="10">You can remove the block on top after the smoke particles have stopped rising and mine your first charcoal. You can use your fist.</p>
			<p space="10">You're now able to craft unlit torches and progress with building tools.</p>
			<recipe type="shaped">
				<recipe.result>
					<stack item="primal:torch_wood"/>
				</recipe.result>
			</recipe>
		</page>
	</chapter>
	
	<chapter id="04_tools">
		<page>
			<p space="15" scale="1.5" bold="true" align="center">Tools and Armor</p>
			<p space="10">First off you have to craft about 15 blank patterns:</p>
			<recipe type="shaped">
				<recipe.result>
					<stack item="tconstruct:pattern"/>
				</recipe.result>
			</recipe>
			<p space="10"> </p>
			<p space="10">Combined with some other wooden items you have to craft these tables:</p>
			<p space="10">
				<stack item="tconstruct:tooltables" meta="0"/>
				<stack item="tconstruct:tooltables" meta="1" tag="{textureBlock: {id:minecraft:planks, Count: 1 as byte, Damage: 0 as short}}"/>
				<stack item="tconstruct:tooltables" meta="2" tag="{textureBlock: {id:minecraft:log, Count: 1 as byte, Damage: 0 as short}}"/>
				<stack item="tconstruct:tooltables" meta="3"/>
				<stack item="conarm:armorstation"/>
			</p>
			<p space="10">These two special chests are very handy but not necessary:</p>
			<p space="10">
				<stack item="tconstruct:tooltables" meta="4"/>
				<stack item="tconstruct:tooltables" meta="5"/>
			</p>
			<p space="10">You have to start with a wooden pickaxe to start mining. After you got your first stones, you can create stone tools and armor. Later on you can create more powerful tools with the use of a smeltery.</p>
		</page>
		<page>
			<p space="10" bold="true">You can find more information in these books:</p>
			<recipe type="shaped">
				<recipe.result>
					<stack item="tconstruct:book"/>
				</recipe.result>
			</recipe>
			<recipe type="shaped">
				<recipe.result>
					<stack item="conarm:book"/>
				</recipe.result>
			</recipe>
		</page>
	</chapter>
	<chapter>
		<page>
			<p space="15" scale="1.5" bold="true" align="center">Further Info</p>
			<p space="10">You can find further information in these books:</p>
			<p space="10">
				<stack item="immersiveengineering:tool" meta="3"/>
				<stack item="cookingforblockheads:recipe_book" meta="1"/>
				<stack item="cookingforblockheads:recipe_book" meta="2"/>
				<stack item="buildcraftlib:guide"/>
				<stack item="thaumcraft:thaumonomicon"/>
			</p>
		</page>
	</chapter>
</book>