{
    "machine": "concrete_mixer",
    "registryName": "concrete_mixer_immersive",
    "recipeTime": 120,
	"priority": 16,
    "requirements": [
		{
			"type": "fluid",
			"io-type": "input",
			"fluid": "water",
			"amount": 1000
		},
		{
            "type": "energy",
            "io-type": "input",
            "energyPerTick": 25
        },
		{
			"type": "item",
			"io-type": "input",
			"item": "ore:itemSlag",
			"amount": 5
		},
		{
			"type": "item",
			"io-type": "input",
			"item": "ore:clayball",
			"amount": 3
		},
		{
			"type": "item",
			"io-type": "input",
			"item": "minecraft:gravel",
			"amount": 2
		},
		{
			"type": "item",
			"io-type": "input",
			"item": "minecraft:sand",
			"amount": 1
		},
        {
            "type": "item",
            "io-type": "output",
            "item": "immersiveengineering:stone_decoration@5",
			"amount": 6
        }
    ]
}